supplier_id,supplier_email,supplier_name,,
816319,marieochoa@davis-sanchez.com,Cohen PLC,,
569909,ericaestrada@rodriguez.com,Smith LLC,,
730030,dcervantes@tran.com,"Lane, Mooney and Gibbs",,
723699,fishersean@brooks-harris.net,Lambert Ltd,,
331565,mrodriguez@burke.net,"Hernandez, Jones and Frazier",,
273307,amyers@austin.com,Smith-Esparza,,
688117,kingmichelle@waller.com,"Foster, Farrell and Ross",,
832325,mcconnellangelica@hawkins-simmons.org,Castillo PLC,,
606222,tspencer@ballard.com,"Hull, Baker and Robertson",,
210972,cory20@trevino.net,Hudson-Collins,,
559229,meganharris@brown.com,Johnson Inc,,
189944,john77@torres-cortez.info,"Mayo, Acosta and Smith",,
785532,nhess@rose.biz,"Goodman, Hoover and Huffman",,
673864,katiebennett@guzman.com,"Lawrence, Woods and Holder",,
927074,stephensuarez@peck.info,Murphy-Anderson,,
471607,cristina99@flores-yates.com,"Bell, Robinson and Mitchell",,
015232,gravesbenjamin@cunningham.org,Wise Inc,,
600806,carlos61@long-martinez.biz,Velez-West,,
999243,johnstina@savage.biz,Vasquez LLC,,
682522,charlesfox@peterson.org,Martin and Sons,,
708835,kirk06@holmes.net,"Thomas, Pena and Lamb",,
334476,jillmiller@mitchell.com,Robinson and Sons,,
369327,matthewgallagher@flores.info,"Bowman, Guerrero and Cohen",,
148994,sanchezchristina@davis.biz,Moore-Fox,,
604103,garciaronald@humphrey-sanchez.net,"Snow, Williams and Carter",,
750840,anna21@jones.com,Wells-Ellison,,
353624,seanmiller@perez.com,Tran-Tanner,,
537127,johnsongregory@evans.com,Beck LLC,,
805919,john34@barker-lopez.com,"Weaver, Diaz and Gilbert",,
985087,acastillo@archer.org,Small-Mitchell,,
204573,denise65@french.net,Cuevas PLC,,
989706,kerrgina@green.com,Phillips PLC,,
781298,bryantaylor@clayton.com,Martin-Booker,,
416466,rayala@smith.com,Kelly Group,,
394898,jennifer30@reynolds.com,"Matthews, Garcia and Reynolds",,
244065,charles09@rivera.info,Garcia Group,,
758704,lisa61@fowler.biz,Scott Ltd,,
864154,carolyngonzalez@gonzalez.com,"Clark, Wells and Waters",,
807106,petersonmichael@bryant.com,"Hicks, Crawford and Powell",,
762808,jacksonsabrina@snyder-payne.biz,"English, Armstrong and Sharp",,
147150,lynchsarah@moore-allison.com,Wilson LLC,,
553391,jonesdiana@farmer-webb.com,Tran LLC,,
758355,anthony17@johnston.com,Hernandez Group,,
432447,katherine37@lopez.com,"Crawford, Sutton and Sanchez",,
305893,brownchristine@fitzgerald-young.com,Smith PLC,,
802515,sanchezbrittany@cervantes-wyatt.com,Benson LLC,,
479674,cturner@cooper-rich.org,Walton LLC,,
705618,cindy96@garcia-mooney.com,Simpson-Cruz,,
654870,andersonhannah@hill.com,"Scott, Mueller and Bender",,
163292,hodgesjoseph@ayala-collins.com,Carlson and Sons,,
673600,bowersronald@singh.com,"Bean, Conley and Avila",,
713115,scott48@cole.com,Mcmahon-Kelly,,
523562,erica12@nguyen.com,"Evans, James and Neal",,
687768,jason34@fernandez.net,Miranda-Pugh,,
516212,bill46@dalton.net,Guerrero-Mccann,,
414140,barrydavid@jones-jacobson.org,Maynard-Kemp,,
159766,tracycisneros@jefferson.com,Barber-Lowe,,
984603,elizabeth18@brooks.com,Taylor Inc,,
133003,mcdanielbrett@little.net,Santiago Group,,
494673,carlos64@middleton.com,"Shaw, Williams and Hopkins",,
414652,anthonynelson@franklin.info,Winters-Lambert,,
999875,maddoxkimberly@wilson.com,Alexander-Simpson,,
889430,freemanstephanie@lewis-ponce.com,"Mccoy, Johnson and Mitchell",,
983719,greensusan@sanchez-ferguson.org,Ellis LLC,,
737231,obrienshelby@young.info,"Dyer, Pena and Johnson",,
137739,darrylrobinson@ellis.org,Powell-Chase,,
826075,brownjohn@skinner.net,"Harris, Ramirez and Thompson",,
425294,rosalestiffany@moon.net,"Brown, Knox and Chen",,
167923,richardschristine@watson-moses.org,Brown-Alexander,,
617999,ericaferguson@hill.info,"Johnson, Ramos and Martin",,
191262,reidmiranda@davis.com,Calderon-Vega,,
525971,lloydemily@padilla.com,"Stevens, Jimenez and Johnson",,
816085,gutierrezrachel@goodwin-navarro.com,Hubbard-Prince,,
362438,lauren87@roberts.info,Knight Group,,
178004,karina56@fisher.com,Turner Ltd,,
988122,staceystokes@diaz.net,Bennett Inc,,
637156,jeffrey84@rogers-thompson.com,"Phillips, Terry and Cooke",,
020154,ajackson@hahn.net,"Cannon, James and Lee",,
582705,andreacampos@barnes-peters.com,Carter-Matthews,,
371592,sethlewis@santiago.info,"Kennedy, Simmons and Stevens",,
615587,shannon40@patterson-dodson.com,Roberts-Lowe,,
646146,lindana@watson-king.biz,Baker-Klein,,
189917,michaelsaunders@williams-carson.com,Newman-Brooks,,
525406,elizabeth23@watson.net,Fowler-Thomas,,
627423,webbbrian@morales.org,"Jimenez, Price and Shelton",,
666220,gashley@hill.com,"Taylor, Smith and Lewis",,
749466,ramosjennifer@cole.org,Kirby LLC,,
910707,vstevens@torres-park.com,"Bell, Park and Bradshaw",,
220356,singletonmarissa@baker.com,"Poole, Mueller and Baker",,
671387,rpham@campbell.com,Schultz LLC,,
943927,jose06@velasquez-williams.com,Waters Ltd,,
824682,rodriguezscott@norris.com,Woods Inc,,
175242,alvaradoteresa@larson-sosa.biz,Brown-Martinez,,
186092,ipena@garcia-knight.com,Phillips-Miller,,
716221,perryelizabeth@white-larsen.info,"Pennington, Ayers and Brown",,
227230,amy04@maldonado.info,"Nicholson, Shelton and Jones",,
514136,lstevenson@acosta.com,Torres Group,,
248940,ocortez@weiss-graham.com,"Allen, Bryan and Edwards",,
689428,rwalker@clark.net,"Johnson, Rodgers and Miller",,
807295,torreslauren@west-robinson.net,Campbell PLC,,
977163,lwang@white-lewis.biz,"Lee, Cummings and Rowe",,
218412,christian53@lyons.com,"Wood, Hall and Arias",,
979148,brittany71@turner.com,Patel LLC,,
704143,rgreen@cooper.info,Reilly Inc,,
752135,grahamaustin@larson.com,Berger-Frazier,,
382384,anthonydoyle@castaneda.com,Taylor Inc,,
021401,staffordderrick@rodriguez.com,Morgan-Mcdaniel,,
721954,deborah62@trujillo.info,Young-Harris,,
581883,aaron21@garcia.info,"Evans, Watts and Moyer",,
524282,mdiaz@figueroa.com,"Gonzalez, Harmon and Avery",,
606224,stephen30@clark-clayton.org,Barber Inc,,
643189,hollowayrandy@lynch.com,Willis-Avila,,
889425,iyoung@watson.com,Brown Group,,
459277,michaelkline@horn.com,Robertson-Sweeney,,
670628,morganweeks@bird.com,"Atkins, Avery and Sheppard",,
043691,andrewmason@gray.net,Hart and Sons,,
896680,arodriguez@lawson-huang.com,Adams-Miller,,
801154,patelmartha@burke-davis.com,Baldwin LLC,,
867635,lesterrobert@banks-davenport.net,"Santos, Richardson and Johnson",,
808927,debra70@mcneil.com,"Bell, Duncan and Oneal",,
361970,pbarron@jacobs.com,"Bowers, Sutton and Williams",,
026354,huffjohn@henry-camacho.com,"Peterson, Greene and Powers",,
917821,lmcgee@payne-barnes.net,"Ryan, Bell and Lewis",,
986312,jeffrey06@peters-bailey.com,Hill-Hudson,,
612011,umarshall@torres.com,Gill Inc,,
312321,reillytaylor@johnson.com,Jackson-Daugherty,,
050447,megan02@griffin-miller.org,Farley-Clark,,
988602,tlevine@jones.com,Bell Ltd,,
667703,justin03@long.com,Jackson-Garner,,
556073,victoriapayne@lee.info,Reynolds-Wood,,
124859,maddoxmargaret@riggs-mcdonald.com,Oneill-Ibarra,,
851204,tracyreynolds@richardson.com,"Marquez, Evans and Rogers",,
530539,jonathan95@jackson-torres.com,Taylor-Morris,,
808500,andersonteresa@green.biz,Miller-Perkins,,
286773,stephenmcdonald@buck.com,"Butler, Watkins and Kennedy",,
278888,amandaedwards@mcbride.org,"Spencer, Olson and Turner",,
755380,bookeramanda@lewis.com,Williams PLC,,
123894,pricenicole@robinson-hood.com,Patton Inc,,
770778,ujohnson@hicks.com,"Orozco, Cannon and Diaz",,
708644,haley59@mitchell.info,Henderson LLC,,
489850,grayedward@edwards.com,"Flores, Banks and Garcia",,
338650,brentfox@mcdaniel.com,"Marshall, Williams and Stokes",,
869147,cruzcameron@rivera.org,Kelly-Cook,,
514487,michaeldouglas@marsh.net,Hill-Hodges,,
362846,jesseperez@morton-brennan.info,Mcclain-Salazar,,
806749,npineda@anderson-simpson.com,Hurst-May,,
576911,rayvargas@todd-owens.org,"Moon, Gillespie and Vargas",,
659592,blakecruz@costa.com,Frederick-Christensen,,
736107,xrobinson@mayo-ochoa.com,Wood-Stewart,,
003210,sandra41@johnson-campbell.com,"Larsen, Nicholson and Price",,
757199,katrina00@johnson-barry.net,Howard Inc,,
051031,crystalwoods@carter.biz,Watson and Sons,,
130906,wilsonsarah@cochran-wright.com,Jimenez-Miller,,
876151,jmeyers@edwards-scott.com,"Ross, Long and Meadows",,
590875,jessicajones@brown.net,"Anderson, Morgan and King",,
012363,calebjohnson@watson.com,Anderson Group,,
059756,abonilla@sanders-jefferson.com,"Ray, Young and Myers",,
713033,dhopkins@williams-taylor.com,Cooper-Thompson,,
382436,megan31@beltran-weber.com,"Chavez, Clark and Garrett",,
607515,emmadavis@martinez.com,Butler-Guzman,,
444197,andrew05@west.net,"Miller, Allison and Williams",,
195478,olsenjeremy@middleton.com,"Brown, Ball and Moran",,
411857,emilystewart@boyd.com,Tran-Gonzalez,,
568974,andersonmaureen@romero.com,"Martinez, Jenkins and Stephens",,
435271,justinmckinney@coleman.com,Taylor Inc,,
355067,harristimothy@baxter-hensley.biz,Benson Ltd,,
818519,deborahdavis@peterson-steele.com,"Howard, Li and Green",,
313791,steven25@jenkins.biz,Chambers PLC,,
062072,whitekathryn@harris.com,Alvarez-Davis,,
583729,davidwilliams@pope.com,Allen PLC,,
641980,bburns@wood.com,"Molina, Patterson and Orr",,
474730,ashley47@wright.com,Mcdonald LLC,,
390905,ppaul@lane.com,"Jones, Gross and Schneider",,
183259,hwright@hansen-james.com,"Monroe, Russell and King",,
508971,harringtonnancy@jackson.biz,Hunter-Gilbert,,
844684,zkeith@king.biz,Archer and Sons,,
376008,xhenderson@green.org,Rocha-Kelley,,
333763,brittanypena@herrera.biz,Miranda and Sons,,
599594,zmontgomery@owens-norman.biz,Calderon Ltd,,
204096,mruiz@matthews.com,"Manning, Washington and Herrera",,
227967,arobinson@rice.com,"Miller, Wilson and Stuart",,
135264,jacquelinecantrell@miller.info,"Bass, Lee and May",,
440350,williamkelly@flores.com,"Young, Mccoy and Haynes",,
757280,matthewpowell@miller-jones.com,Martin Inc,,
016346,robert27@sanford.biz,Poole LLC,,
198461,luis47@sanchez.net,"Garrison, Rose and Wright",,
506966,anita18@harris-jacobs.biz,Sweeney-Pope,,
725491,jessicanelson@woods-park.com,Knight Group,,
438830,sramos@lucero.biz,Tapia-Hood,,
322564,tammie60@brown.com,Munoz-Bradley,,
225610,nwebster@ortiz.com,Carpenter Inc,,
696790,twilliams@ortiz.com,Aguilar LLC,,
465212,monique55@cooper.com,Leon-Hendrix,,
352448,ihicks@jimenez.biz,"Doyle, Kennedy and Austin",,
356213,tjenkins@palmer.com,Booker-Harris,,
906901,lisa24@macias.com,Young PLC,,
174547,carrollangela@moreno.biz,Green-Riley,,
660929,jessicawhitaker@crawford.com,Taylor LLC,,
073646,aguzman@carter.com,Herrera Inc,,
902637,brennanjoann@bailey.com,"Edwards, Morrow and Williams",,
003431,smithnancy@lewis.com,Martinez Ltd,,
824607,russelllopez@roberts.info,Rodriguez PLC,,
935243,johnmorris@clark.net,Williams-Townsend,,
488316,sandersann@duncan-robinson.com,"Miller, Ramirez and Holt",,
244187,mcintyremichelle@harris-jackson.info,Rodriguez-Graham,,
975486,dmedina@williams.org,"Guerra, Taylor and Rodriguez",,
643759,usmith@rhodes-graves.com,Wilson Inc,,
854416,ingrammichelle@cunningham.info,"Wilkins, Castro and Carrillo",,
105200,moorekyle@tanner.net,Davis-Castro,,
213401,tclark@nash.com,Kim PLC,,
670538,paul62@perez-kerr.net,Jackson-Brown,,
655647,ichaney@sanders.com,"Rivera, Russell and Wang",,
457616,stefanie78@campbell-cortez.com,Miller Group,,
182698,ecastillo@eaton-fox.info,Hubbard-Woods,,
897602,asmith@chambers-daniels.com,Gross-Sanchez,,
692590,colton93@roberts-hoffman.com,Martinez and Sons,,
781468,spencerdalton@williams.net,Burns LLC,,
731999,alex33@adams.com,"Williams, Rogers and Rodriguez",,
381009,sunderwood@nguyen.org,Gallegos-Miller,,
781223,shermanlaura@watkins.com,Fowler-Allen,,
452725,edwardgomez@yang.net,"Bryant, Walton and Green",,
614882,owenmia@murphy.net,Forbes Group,,
200270,johnsonjoshua@reynolds.com,Evans PLC,,
698707,justinthompson@rice-hobbs.biz,Mercer-Arnold,,
928257,samantha23@howard.info,Evans-Morrison,,
470498,amy92@mayer.info,"Rogers, Moore and Thomas",,
532643,broy@garcia.com,Marshall and Sons,,
698814,eric47@singh.com,Ponce Inc,,
354871,hhernandez@beck-davis.com,"Thomas, Reynolds and Lawrence",,
299205,lindamorgan@white.net,Stewart PLC,,
972242,roblesbrandy@wilkerson.com,Casey Group,,
499377,yolanda85@ramos-cortez.com,"Ramirez, Ferguson and Carlson",,
141869,padillatracy@hughes.com,Mason-Richardson,,
475073,johnsonkevin@hahn.org,"Kirby, Jones and Christensen",,
515530,vickimiller@johnson.com,Vasquez-Hamilton,,
206282,thernandez@gonzalez.com,Kennedy Ltd,,
723217,madeline44@gregory-hamilton.info,Turner and Sons,,
532254,uwalker@andrews.com,Martinez-Herrera,,
825088,beth67@smith.net,Rivas LLC,,
373081,ericpowell@ward.net,"Gill, Meadows and Barnett",,
691551,gcollier@matthews-hebert.info,Martinez Group,,
153126,michaeltaylor@hill.com,Webb-Bowman,,
944947,maysmaria@morris.biz,"Vargas, Wu and Ayers",,
771565,justinwalker@duffy.com,"Hamilton, Stone and Riley",,
650035,tina55@mason-wolf.com,"Barton, Harris and Mosley",,
908083,tinasweeney@gibbs.com,Smith Inc,,
926563,ywatson@bonilla.biz,Shelton-Williams,,
027129,tyler10@deleon-price.com,"Hall, Montgomery and Johnson",,
164734,butlerkevin@adams.com,Harris-Garcia,,
028832,michelle92@henry.info,"Mayo, Shepherd and Parsons",,
623183,taylorlisa@medina.com,Kelley Group,,
911054,paula44@lyons.com,Sullivan LLC,,
191757,kellyparrish@yoder.info,Yoder Inc,,
847456,fernandezzachary@wilson.com,"Davis, Alexander and Swanson",,
244461,julia61@castro-rivera.info,Gonzalez-Miller,,
543200,tgarcia@wallace.info,"Robinson, Miles and Dunn",,
604206,heatherferrell@stewart-hardin.biz,"Brown, Stokes and Norton",,
526007,angelicarichards@smith-smith.net,Walker-Williams,,
880824,shines@garza-ford.net,Henry Ltd,,
686409,oconnorashley@hamilton.org,Meyers Group,,
739461,zjenkins@morris-russell.com,Espinoza Group,,
770223,hernandezjulie@lewis.com,"Mcmillan, Pruitt and Clay",,
267306,sylvia94@watson-anderson.com,Flores Group,,
564095,kennethesparza@banks-thompson.com,Jones-Perez,,
214130,charlesbenton@reed.info,"Mcguire, Flores and Kelly",,
964435,ochristensen@parks-phelps.info,"Gomez, Gomez and Sanchez",,
203642,wendy26@donovan-nichols.com,Taylor PLC,,
226708,cpowell@riddle-richardson.info,"James, Dalton and Barton",,
103777,gregory73@cole-perry.com,Olson and Sons,,
219072,ashleyatkinson@jensen-colon.com,"Davis, Lee and Long",,
929554,courtneygreen@hodges-chavez.com,Murray-Miller,,
164759,bellrobin@fitzgerald-butler.com,Williams Ltd,,
415705,schristensen@hahn.com,Ward PLC,,
532239,jennifer55@baker.com,Stephenson-Davila,,
937555,williamperez@clark.com,"Taylor, Martinez and Schultz",,
450622,christopher48@goodman-kim.com,Evans-Jenkins,,
415283,jasmine85@scott.net,Carter-Ramirez,,
569292,erica40@weaver.com,Lee-Moore,,
437001,dholloway@flores.com,Smith Inc,,
736929,townsendterri@walker.biz,"Phillips, Boone and Martin",,
200118,carol37@galloway.biz,Freeman LLC,,
748126,kleinleah@taylor-thomas.com,Williams-Anderson,,
218382,karen49@rangel-pierce.com,"Martinez, Mitchell and Jenkins",,
493738,gregorygarner@price.com,Simmons Inc,,
026312,tony74@lewis.info,Lambert-Andersen,,
813394,steven07@jones.net,Johnson-Bird,,
660055,brittany02@holmes.info,Pace Inc,,
778324,thompsonlisa@baker.org,Gomez-Williams,,
509008,christopher13@lewis.net,Patton-Lucero,,
022302,qlawson@rodriguez-rodriguez.com,Murray Inc,,
673118,gileskenneth@lowe-rojas.com,"Hall, Burns and Glover",,
498610,seanfuller@anderson-vargas.biz,"Johnson, Finley and Thomas",,
111458,robert59@martinez-knapp.com,"Wang, Jackson and Donovan",,
450794,lutzjohn@morris.com,Castillo PLC,,
104376,madisonanderson@stout-green.com,Mcfarland Ltd,,
583226,patrick02@mitchell.org,"Cole, Olsen and Padilla",,
676713,jeffrey91@gregory.com,Davis Group,,
083977,emily15@tran.com,"Ward, Rowe and Caldwell",,
104813,osbornechristine@luna.biz,"Delgado, Fields and Strickland",,
260102,emilyarnold@cordova.info,Garcia-Barnett,,
589645,uwu@lester.com,Rice and Sons,,
924572,christopher76@lawrence.com,White-Carlson,,
851513,zowens@whitaker.com,Hampton PLC,,
451212,brenda77@simmons.com,"Ward, Garcia and Richardson",,
612282,brian35@williams.com,"Rojas, Barker and White",,
881626,shaffersharon@munoz-bauer.com,Medina-Roberts,,
335224,meganrodriguez@mercado.com,Olsen Ltd,,
305610,jaredwilliams@davis.com,"Pierce, Bennett and Livingston",,
836323,gilbertfelicia@smith.info,Harrison Inc,,
220329,lambkaren@roberts.com,"Massey, Long and Gonzales",,
482760,sanfordjacqueline@macias.com,"Rivers, Curry and Morris",,
639800,hollyvalencia@smith-reid.com,Kelly-Sanchez,,
794795,brendarobertson@li.com,"Lynn, Johns and Porter",,
331223,gary44@jones.net,Mcmillan Ltd,,
849030,moralesdaniel@nguyen-ewing.com,Washington-Brown,,
558337,rhodeszachary@mcclure.com,Thomas-Ferguson,,
599556,yfox@gibson-williams.info,"Buck, George and Nicholson",,
303395,hannaharnold@peterson.com,Lopez-Gibbs,,
733324,whitneykevin@boone.info,Daniels LLC,,
652790,martinpatricia@lee.com,Grant-Stephens,,
013736,jason14@johnson.com,"Hoffman, Henry and Kirby",,
961134,mandy96@shah.biz,Nichols Inc,,
773510,ybell@haynes.com,"Taylor, Williams and Cunningham",,
646578,zalexander@harris-herrera.info,Best-Myers,,
157951,pbrown@munoz.com,Butler LLC,,
607309,andrewallen@holmes.com,Roberts PLC,,
016363,crystal63@butler-graves.com,"Evans, Vazquez and Harris",,
244114,xjames@johnson-matthews.com,"Krueger, Ramsey and Scott",,
530801,browncharlene@clark.com,Boyd-Smith,,
266163,alexander99@ramirez.com,Davis-Gonzales,,
356746,ianderson@woodward.com,"Meyer, Barnes and Anderson",,
422420,yberger@alexander-reid.org,Weber and Sons,,
723695,castillojoseph@cowan.info,Glenn Group,,
056552,okeller@green.net,"Stone, Dodson and Mitchell",,
071075,casetiffany@aguilar.net,"Finley, Rogers and Daniels",,
974574,laceymccormick@garcia.com,Hunter Group,,
200678,jonathan17@mcintyre.info,"Navarro, Smith and Bell",,
520442,barkerdonald@jordan.info,"Cooper, Peters and Hayes",,
173957,douglas61@walker.com,Bradley-Ross,,
178479,kristinalee@conway.org,Miller-Hill,,
444295,william55@day.com,Moore-Stevenson,,
406601,dianejackson@miller-ellis.com,Lucas-Evans,,
902489,tina62@smith-schmidt.com,Gibson-Gutierrez,,
212116,hansenmatthew@aguilar-gutierrez.biz,Brown-Howell,,
602163,mbates@lopez.net,"Davis, Edwards and Whitaker",,
161623,frederickwalker@griffin.net,Vaughan Ltd,,
128485,michelleoliver@obrien-simmons.net,"Garcia, Nichols and Green",,
367815,christopher28@garcia.biz,"Perkins, Mathews and Ray",,
935271,anthony52@gonzalez-torres.com,Delgado Inc,,
546577,holly67@walton.org,Little Ltd,,
061046,hooperkevin@powell.com,Miller-Jones,,
894340,grahamcrystal@johnson.com,"Washington, Hernandez and Ellis",,
009748,jguzman@marsh.com,Eaton Inc,,
994103,lguerrero@kirk.com,Zavala Ltd,,
883179,patrickjacobs@thompson.biz,Hahn PLC,,
121297,jamesmorse@wiggins-french.com,"Wilson, Ford and Griffin",,
442015,brenda86@bowman-taylor.info,Jackson Group,,
769958,silvajesse@livingston.com,"Roth, Hopkins and Singh",,
171669,morrisonjennifer@mitchell.com,Walker LLC,,
451560,colonmisty@brown-sparks.com,Bailey-Mclaughlin,,
862038,lharrison@mitchell.com,Hubbard-Compton,,
610577,lisa48@davis.org,Moran Group,,
619962,ryan32@harvey-pineda.org,Sanchez-Smith,,
485968,rachel12@brown-wolf.com,Bentley-Brennan,,
599087,jamesjames@gilbert.com,Baird-Delacruz,,
592125,jerrybartlett@gutierrez.com,Ramirez Inc,,
742662,patricialamb@washington.com,"Braun, Lee and Curry",,
661007,glasskevin@wang.com,Clarke Inc,,
435205,benderrobert@smith.com,Jacobs-Lindsey,,
412242,wconrad@hensley.com,Schmidt Inc,,
368129,uhernandez@rodriguez.org,"Sharp, Johnson and Scott",,
706988,woodphillip@jones.info,Coleman Ltd,,
324095,asmith@spencer.com,Flores-Chambers,,
916455,vhernandez@finley.com,"Holmes, Skinner and Clark",,
410208,lopezelizabeth@smith-harding.info,"Watkins, Martinez and Brooks",,
679115,robert10@stephens-watson.org,Miller-Turner,,
455879,raymondsullivan@williams.com,Mann-Johnson,,
072099,berrydaniel@kennedy-knight.info,Rodriguez-Garcia,,
471409,ronald08@wagner-reyes.com,Barr-Kelly,,
294935,harrispatricia@ward.com,"Bailey, Adams and Long",,
336163,ilee@bailey.com,"Davis, Miller and Patrick",,
440379,lechristopher@brown-mejia.com,"Mccormick, Thomas and Keller",,
447185,jessicagilbert@moore-farmer.com,"Ayers, Kerr and Willis",,
730302,judith24@allen.com,Marshall-Webb,,
794468,zwalters@smith.net,Barnes-Hill,,
751438,younggerald@matthews-vang.com,Jackson Ltd,,
644256,charlesharris@walker.com,"Cox, Brown and Barrera",,
715587,henry25@martinez.com,"Myers, Barrera and Rasmussen",,
891203,stevenknight@costa.info,Weber Ltd,,
743382,donald63@henderson.net,Jackson-Ortiz,,
310784,shannon51@baker.net,"Caldwell, Mitchell and Mendoza",,
849479,rachel13@crawford-gross.com,"Solomon, Mccormick and Thomas",,
811754,brittanypage@gutierrez.net,Oneill PLC,,
809478,scott33@brown.com,Ramos PLC,,
060346,caroline73@martin.com,Perez and Sons,,
257942,yphillips@robinson.com,"Bauer, Thomas and Mckenzie",,
095149,sara39@leonard-george.com,"Pope, Walker and Adams",,
647388,nedwards@perkins.com,Castillo Group,,
894262,mariedonovan@bell.biz,"Pearson, Chaney and Owens",,
125058,scottlindsey@rose-evans.com,Robinson-Charles,,
197211,dianaallen@bennett.org,Davis-Joseph,,
394910,ijohnson@jones.biz,Olson-White,,
877756,tonywatkins@parker.net,Young LLC,,
849051,kathywaller@skinner-dunn.com,"Richardson, Carrillo and Hensley",,
464760,crystalmiller@lewis.org,Hill LLC,,
900296,melissaandrews@white-wright.info,Lambert PLC,,
228744,joannparks@sharp-thomas.com,Molina-Henry,,
211801,robertkelley@lopez.com,Smith PLC,,
909239,marshalljoseph@norman-martin.info,Drake-Mccullough,,
844217,imiller@cohen.net,"Schwartz, Weber and Burke",,
227593,fosterrichard@harris-rodgers.com,"Lin, Glass and Blackburn",,
571179,arthuryoung@walker.net,Cook-Cortez,,
686378,ecampbell@butler.com,Shaffer Inc,,
139466,wilsontyler@alvarado.net,"Lucero, Roberts and Swanson",,
730182,wcompton@brown.info,"Wagner, Brown and Oconnell",,
626264,markvillanueva@meyer.com,Pineda-Anderson,,
702854,jamessummers@foster.com,Jones Inc,,
608222,karenrodriguez@thomas.com,Edwards Group,,
853810,johnsonkyle@johnson.info,Key-Johnston,,
939090,powersmichael@sims-ray.com,"White, Williams and Bush",,
672987,brandyhendricks@long.com,Duran PLC,,
267163,urodriguez@howe-dawson.com,"Hill, Brown and Smith",,
974627,lnguyen@yang-ellis.org,Hill-Davis,,
838077,jeffreyevans@roth-king.com,Martinez Inc,,
301847,andrew92@hamilton.info,Hoover-Mendoza,,
417845,carl66@meadows-garcia.info,"Lopez, Parker and Pitts",,
223561,agarcia@harris.com,Moore Ltd,,
987152,jenkinsjennifer@little.com,Coleman-Turner,,
254124,crystal54@myers.com,Smith Ltd,,
972311,nelsoncourtney@solomon-smith.com,"Hughes, Clayton and Serrano",,
641017,ratkins@schaefer.com,Browning and Sons,,
458918,sdiaz@paul.biz,"Peters, Nelson and Gray",,
674729,richard52@murray.biz,Steele-Parker,,
149681,beckersherri@johnson-day.org,"Warren, Mccoy and Jones",,
774968,mccarthyjessica@flores.net,Aguirre-Williamson,,
805976,thernandez@johnson-gonzales.com,Chase-Meza,,
621065,christinatorres@stewart.com,"Schwartz, Davis and Huffman",,
401682,deniselopez@gray-roberts.net,"Brooks, Dickerson and Davis",,
471318,nelsoneric@adkins-white.biz,Walker LLC,,
136183,jason04@webb.com,Smith-Davis,,
191294,mendozajennifer@henderson.com,Gonzalez and Sons,,
182891,ehill@harris-schwartz.com,Garcia and Sons,,
650379,johnsontimothy@wilson.com,Castillo-Ellison,,
455052,joshua34@ward.com,"Smith, Collins and Alvarado",,
764962,luis04@mccarthy.com,Potter Group,,
772611,leetammy@west.com,Butler-Walker,,
908276,kelleyjustin@henderson-johnson.org,Wood Inc,,
859185,raymondpearson@glenn.com,Hughes PLC,,
355468,erikaortiz@villa-flores.com,Jones-Mathews,,
819160,patricia67@garcia.org,Lee Group,,
806614,reneemoore@greer.info,Cohen PLC,,
392406,toni88@williams-winters.biz,Wilson-Santiago,,
549647,smithfelicia@chen.biz,Donovan-Smith,,
863017,kimberlycobb@burgess-roberts.info,Lopez Ltd,,
944244,lnichols@hernandez.net,Pollard-Briggs,,
926132,angela81@white.org,Hill-Wheeler,,
042097,dayjasmine@randall-montoya.com,Wall-Vang,,
105972,stacysalinas@fernandez.org,Moran-Hughes,,
268474,gatesthomas@hester-johnston.net,"Reed, Sloan and Davis",,
695663,rmurphy@jenkins.com,"James, Griffin and Montgomery",,
056203,gomezrobert@torres-beltran.com,"Esparza, Bryant and Malone",,
614276,rkelley@morton.com,"Hinton, Alvarez and Hernandez",,
800515,zholt@weaver.biz,"Willis, Ingram and Fisher",,
372880,jefferyclayton@murphy-stein.com,King and Sons,,
163756,qwilliams@ramirez.com,Miller Inc,,
166882,xanderson@faulkner.com,"Cannon, Bailey and Delgado",,
798545,rdiaz@martinez-michael.com,"Turner, Juarez and Brown",,
255582,csosa@young.com,Collier-Jones,,
279432,awilson@brown.org,"Walsh, Hernandez and Ortiz",,
594427,wreid@chavez.org,Fields Ltd,,
578544,dennis85@francis-harrington.org,"Smith, Yu and Maldonado",,
220563,smendoza@clark-andrade.org,"Moore, Miller and Clark",,
251836,plee@nguyen-rivers.com,Medina-Eaton,,
357851,terryreed@li.biz,White-Morgan,,
334478,claudiaallen@sanchez.biz,Herrera-Miller,,
010115,scottmccarthy@aguilar.com,Reeves Group,,
437240,fwilliams@jones-martin.info,Stewart-Soto,,
573986,cervanteschelsea@cooke.com,Mejia-Brown,,
710314,peter27@weiss.com,Wood Group,,
253191,dianabrooks@castro-blankenship.org,Harvey Ltd,,
129829,brenda86@mullen-west.com,Thomas Ltd,,
592358,jonathanchristensen@fowler.net,"Roberts, Allison and Stewart",,
604238,taylorolivia@cooper-roberts.net,Cohen Ltd,,
386510,tammyandrews@rogers-valenzuela.com,Lopez PLC,,
459284,vcrane@conner-jones.com,Burns Ltd,,
251716,joselara@murphy-davis.com,"Hansen, Sanders and Huber",,
860791,kingmichael@andrews.com,"Carpenter, Hughes and Yang",,
560843,lewistiffany@lane.com,Lewis-Diaz,,
017889,willie81@barnes-morris.com,Parker and Sons,,
625408,burgessterri@robertson.org,"Pitts, Carter and Robinson",,
813872,kduarte@russell-berg.info,Williams LLC,,
749720,frazieralex@nelson-peters.net,"Miller, Juarez and Williams",,
625602,gary20@ware.org,Pena-Anderson,,
266944,gordontyrone@dunn.biz,"Martin, West and Coleman",,
302643,stephanieward@mcmahon-pruitt.info,"Allen, Peters and Adkins",,
603614,sharonbarnes@sheppard.info,Nunez-Jacobs,,
605607,jamesjackson@brooks-kennedy.org,"Sherman, Simmons and Barnes",,
332060,stevencook@grimes-lewis.com,Mora and Sons,,
114572,yadams@fowler.com,Carr and Sons,,
342623,nicole67@cruz.com,Campbell-Bradley,,
989475,fhall@brown.com,"Snyder, Gray and West",,
930865,nmaxwell@gilmore-frazier.com,"Turner, Potter and Brown",,
078325,vtate@white-wilson.org,Rogers and Sons,,
528979,isaiah12@garrett.org,Mckinney Ltd,,
137957,phillipslauren@smith.com,"Atkinson, Mills and Joseph",,
422565,gloria79@bryant.org,Mason-Castro,,
890810,randolphrichard@prince-johnson.com,"Thompson, Webb and Day",,
403518,elambert@harrison-rich.com,Butler Inc,,
643207,campbellashley@stuart.com,"Lopez, Warner and Stanley",,
076657,sjimenez@thomas.org,Young Inc,,
792106,xwilkerson@cole.biz,"Miller, Bailey and May",,
328623,larsencolleen@arnold.com,Miles-Hancock,,
654765,friedmantara@carson.info,Fischer PLC,,
214296,troy30@bailey-carroll.org,Williams LLC,,
173613,baileypaul@holt-johnson.net,Liu-King,,
473491,austinfischer@vargas.com,"Washington, Moran and Farmer",,
288904,victoria71@calderon.com,Taylor-English,,
606668,vsmith@mitchell.com,Ortiz-White,,
094912,bentleyamber@castro-kemp.biz,"Doyle, Giles and Smith",,
498337,stacey19@wilson.com,"Sanchez, Rich and Martin",,
012411,penny80@reyes-mclaughlin.org,"Hunter, Hardy and Jackson",,
634042,ajohnson@downs.net,Gallagher-Smith,,
591469,jonesmichael@thompson-navarro.com,Smith Group,,
495950,sextonsara@benson-farmer.info,"Quinn, West and Murphy",,
188147,wwright@garcia.com,Ellis-Patterson,,
228068,melissaschultz@shepherd.biz,Ward-Kennedy,,
564570,simonmelissa@becker.com,"Avila, Bowers and Neal",,
609517,rjackson@price.info,Gill LLC,,
723293,natalie35@nelson.com,Sanders-Lee,,
896454,fromero@beasley.info,Flores-Munoz,,
258976,holly36@jones.com,"Vasquez, Campbell and Ortega",,
067250,egilbert@mullins.com,"Bowers, Rice and Whitney",,
250847,richard83@clarke-hunter.org,"Hart, Martin and Moses",,
689223,weaverwilliam@brown-lewis.biz,White-Eaton,,
813479,uhale@cook.com,"Acosta, Mathews and Scott",,
515243,angelaklein@pierce.com,Riley Inc,,
943817,bobby25@burke.com,Hale-Lawson,,
147486,edward82@blankenship.com,"Weaver, Knapp and Adams",,
705503,leslierosales@kim.com,"Flowers, Johnson and Clark",,
980618,adamsbrandy@christian.com,Alvarez-Long,,
033313,howardkimberly@clay.info,Martin Inc,,
337220,thompsonlarry@thompson-fitzgerald.com,Bradley-Robertson,,
848597,christopherwilliams@kim.com,Moore-Rodriguez,,
312380,tjames@olson.com,Dyer PLC,,
223574,gomezjason@lee.info,Greene Inc,,
776442,walkerjames@sanders-green.com,Smith-Carrillo,,
343346,michelle32@taylor.com,Shaw-Chandler,,
596501,maria06@kim-lindsey.biz,Kelley-Tyler,,
158935,onichols@costa.net,Vargas LLC,,
810116,william81@golden.com,"Walters, Kelley and Glover",,
771905,thompsonkatrina@ramsey.info,"Jones, Patel and Kelly",,
197698,timmacdonald@rogers.org,"Jones, Marquez and Berry",,
846752,thomaswilliams@harris.org,Villarreal Inc,,
906565,psmith@fernandez.info,Wright Inc,,
478210,nicole84@walker.com,"Wood, Peck and Wilson",,
313555,schmittmary@hale.com,"Gonzalez, Burns and Smith",,
805700,ejohnson@barnes-holland.com,Ortiz-Glenn,,
301176,dianecompton@phelps.com,"Clark, Norris and Snyder",,
157891,michael83@wells.com,Bennett and Sons,,
667221,walkergabrielle@smith.com,Stevenson-Grant,,
811280,parkmaria@williams.com,Smith-Swanson,,
547837,charles42@fitzgerald-kim.com,"Rodriguez, Hawkins and Lewis",,
036344,watsoncameron@allen.com,Guzman Group,,
600721,meganclarke@moore.com,Davis-Stone,,
169206,allentracy@sanders.com,Maynard-Rocha,,
753139,shenderson@collier.org,"Luna, Hampton and Simmons",,
864439,jwilliams@knight.com,"Butler, Liu and Peck",,
669488,mdelacruz@kerr.com,Shaffer-Wall,,
937859,nicole69@rodriguez.info,Williams PLC,,
357777,matthewgillespie@mccarthy.com,"Meyer, Small and Rodriguez",,
497818,doughertymichelle@graham.net,"Johnson, Bennett and Ramos",,
139000,lowenicholas@gibson.com,"Franklin, Mooney and Garner",,
761805,amymunoz@wolf-wood.com,Bridges Inc,,
193106,jefferyanderson@livingston-hart.com,Harrington Inc,,
238987,kristie06@fuentes.net,Lopez Inc,,
826573,steven51@welch-ryan.com,Welch LLC,,
064145,lisacampbell@harrison.com,Matthews-Davis,,
364468,joshuabowers@terrell-soto.net,Campbell LLC,,
003717,sarah88@bell-gill.com,Medina-Landry,,
221362,audreymcdowell@evans-taylor.com,"Richards, Livingston and Garcia",,
480804,pereztimothy@davis.com,"Matthews, Scott and Meyers",,
136101,rebecca75@hawkins.biz,Martin-Brown,,
306765,znorris@hudson.com,Weber Inc,,
346030,phammond@rogers.com,Daniels PLC,,
965547,christinesmith@greene.net,"Jones, Goodman and Ponce",,
365102,matthewmata@green-delgado.org,"Long, May and Freeman",,
251754,penamegan@leblanc-young.com,Baker-Friedman,,
605405,veaton@rios.net,"Andrews, Owens and Higgins",,
216099,jallen@tucker-henry.com,Hunt-Simmons,,
944447,melissamckinney@fields.com,"Warner, Jones and Bryant",,
596641,nathanmckee@hartman.com,"Moore, Dean and Schneider",,
775539,jasonsmith@hale.info,Smith and Sons,,
556403,brittany96@bass-rogers.info,Smith PLC,,
500881,cindy59@rhodes-walter.com,Schmidt Ltd,,
494860,andrewmartinez@allison-robinson.net,"Dunn, Knight and Lozano",,
214858,patrick84@cohen-smith.com,Jones Inc,,
290439,donna08@morris.com,Steele Inc,,
366328,davisheather@norman.info,Snyder and Sons,,
143576,phyllis76@oconnor.info,"Kennedy, Wood and Moss",,
965788,debbie92@williams.com,Jones-Baker,,
057328,kevin19@butler.com,Johnson-Delacruz,,
956267,michael91@conway.com,Martin LLC,,
167349,yvettefuller@carson.biz,Green Group,,
928279,mallory85@neal-lambert.com,"Owens, Conley and Martinez",,
742354,tina55@thomas.com,"Clark, Ramirez and Lee",,
509933,gfisher@salinas-king.net,"Gilmore, Fernandez and Stuart",,
695371,tyler17@hudson.org,"York, Hill and Cox",,
873773,schwartzjennifer@donaldson.info,Price Group,,
636128,ahawkins@adams.com,"Carr, Reynolds and Beasley",,
278143,shortfrank@cantu.com,Acevedo-Stewart,,
222708,hestersteven@fleming-hood.com,Riley-Stephens,,
242637,angela09@lee-carpenter.info,Hill-Perez,,
053508,erik64@hayes-mason.org,Hardy Inc,,
079378,bhill@kemp.com,Barr Inc,,
164694,johnstonrandy@barrett.com,"Chapman, Carr and Wang",,
924103,nicholascox@perez.biz,Webb-Burnett,,
358433,sharon25@morse.com,Gordon PLC,,
472601,derek06@diaz-brady.com,"Nelson, Stevens and Beck",,
298307,vhernandez@gutierrez-ryan.org,Young-May,,
863909,morenokenneth@lopez-hardy.com,"Harrison, Allen and Reed",,
365151,imullins@robinson.com,"Calderon, Moore and Spencer",,
686925,hectorsavage@navarro.com,Carr and Sons,,
521896,sullivanmisty@brewer-franklin.org,"Johnson, Miranda and Wilcox",,
616224,xdixon@olson.com,Cox-Reed,,
040768,james32@lawson.com,"Lane, Taylor and Murphy",,
978587,vwarner@haney.biz,Lopez-Gregory,,
498126,justinthompson@cook.net,Simpson-Williams,,
060248,jenniferchavez@thomas.net,"Morris, Wong and Fernandez",,
040995,nathan60@smith.com,"Mcbride, Williams and Meyer",,
555573,ogibbs@sanchez.com,Smith-Hernandez,,
709452,hhudson@peterson-molina.biz,Morgan-Moreno,,
048403,johnsanders@wilson.com,Mullen Ltd,,
668099,omarkeller@moran.com,"Edwards, Reynolds and Reed",,
376893,jasminrobinson@brady.com,Wu Inc,,
211386,shawn63@gilbert.com,"Thornton, Fuller and Davis",,
511462,shaungutierrez@chan.biz,Schroeder PLC,,
711185,williamsjustin@solomon-butler.com,"Dillon, Wood and Montoya",,
228878,heatherdavis@peters-harris.com,"Sanchez, Richmond and Petersen",,
712046,katherinegilmore@hampton.org,Shelton-Sanchez,,
190021,nfarrell@lewis-sanchez.com,Washington and Sons,,
864001,jeffery62@ramirez.com,Lee Inc,,
325008,alexanderjames@king.com,Brown-Brooks,,
237476,michelle51@hines-lawson.biz,Gonzalez LLC,,
262888,wandapetersen@williams.info,Owens-Fischer,,
967474,lindabell@thomas.net,Taylor and Sons,,
599708,anthonybauer@berry-russell.com,Thompson-Taylor,,
500100,martinezjeremy@weber.org,Cole-Middleton,,
677475,amy46@king.com,Silva-Gomez,,
811361,rstevens@oliver.info,"Terry, Boyd and Howard",,
431522,jparker@larson.com,Carlson-Robinson,,
503058,lmitchell@brown-hernandez.com,"House, Hall and Gray",,
138421,wbradford@stokes.net,Owen-Juarez,,
169387,ucastro@rowe-johnson.com,Collier Ltd,,
757312,pricestephanie@meyer.org,Cruz-Collins,,
418887,wrightkrista@mitchell.org,Robertson-Beck,,
734052,ssherman@phillips-yu.com,King PLC,,
019671,hwalters@roach-sutton.com,Poole Inc,,
331409,stevenfoster@escobar-jones.com,Barron Inc,,
498636,kfischer@trujillo.com,Johnson Group,,
902898,heather30@kelley-oconnell.com,"Sanchez, Garcia and Hall",,
833227,hannah82@turner.net,Nicholson-Bell,,
973844,vstout@perez.org,"Lopez, Jarvis and Jimenez",,
602280,imartinez@nolan.com,Douglas and Sons,,
739196,hilljennifer@crawford.org,"Richardson, Suarez and Gould",,
139246,katherine04@gonzalez.com,Prince-Phillips,,
259478,williamsdaniel@kemp-morales.com,"Williams, Huffman and Hunt",,
247278,andrewkim@berry-mcgee.com,Schroeder PLC,,
553138,hlopez@jones.com,Hernandez and Sons,,
297154,nicholas16@white.biz,Cherry-Hill,,
283794,bdean@acosta-oliver.com,Davis-Hodges,,
987045,mjordan@cruz.com,Boyle Group,,
494264,flowersalan@williams.com,"Lawrence, Stone and Bell",,
440471,hannah97@ford.biz,Burton Inc,,
427035,thorntonshannon@nolan.com,Johnson-Galloway,,
952859,ashley59@hernandez.com,Mcguire Inc,,
229154,robert54@gibson-walker.com,Hale-Harris,,
017857,zmorris@robinson-parsons.com,Mcmillan PLC,,
731868,victoria77@brown-rodriguez.com,Williams-Cook,,
078882,jadams@harris.info,Carey and Sons,,
002012,johnharvey@rivera.com,Strickland-Allison,,
124897,monica38@brady.biz,Wallace-Marshall,,
883058,wlong@yang.net,Schmidt PLC,,
273594,jonathantran@pennington.com,Sweeney LLC,,
267952,zkoch@hill.org,"Saunders, Watson and Torres",,
525376,savannah34@nichols.net,Blackwell Group,,
537544,tammymoss@hudson.org,Martin-Barnett,,
283085,mercadobrian@garcia.com,Ruiz Group,,
861035,butlerchristopher@morgan-mitchell.com,Garza-Joseph,,
268033,slopez@santiago-welch.com,Lopez and Sons,,
491731,mortonjames@campbell-vasquez.info,"Peterson, Howell and Lee",,
636815,jamesgibbs@lutz-blair.org,Rose Group,,
229382,jose79@cole.net,Francis and Sons,,
339758,timothysanchez@white-evans.com,Williams-Erickson,,
203248,randy33@perez-jordan.org,Carlson-Quinn,,
152968,joseph29@cox-reynolds.com,"Garcia, Taylor and Berry",,
900015,wardtony@lane.org,"Castro, Roman and King",,
137009,christopher85@cruz.com,"Johnston, Mccullough and Thornton",,
318357,jill78@sullivan.org,Taylor PLC,,
477422,angela10@morrow.info,Stuart-Rowland,,
265618,richardwilliams@wyatt.com,"Ewing, Todd and Haynes",,
246740,rachel72@hancock-schmidt.com,Hall-Morales,,
537418,josephwoodard@duncan.com,Stout-Smith,,
137428,clarkzachary@thomas-diaz.info,Smith Inc,,
028079,mtaylor@anderson.org,Jenkins and Sons,,
487167,tarasanchez@hernandez-thompson.com,Vasquez-Chang,,
494660,cschmidt@johnson-smith.com,Hodges Group,,
484236,kylevega@clark.com,Carr-Perry,,
494557,cheryl79@cole-morrison.net,Ramirez-Ramos,,
412899,clee@logan-jones.net,Combs PLC,,
314406,lewismichael@farley-bowers.info,Lane PLC,,
228582,vobrien@horn.info,"Patterson, Griffith and Cooper",,
756890,stephanieharris@edwards.com,"Fisher, Frost and Anderson",,
201720,gina85@wright.com,Meyers PLC,,
214400,tiffany29@foster.net,Gilbert Group,,
678517,phamsteven@woods.com,"Smith, Case and Glenn",,
488162,molly30@smith.biz,Wilson-Martinez,,
717114,jerome47@butler.net,Diaz-Rubio,,
297192,mariamullen@jackson-mcgrath.com,Wilson Ltd,,
765586,andersonerin@rodriguez.com,Edwards-Phillips,,
728940,kathleen75@house-cox.com,Miller Group,,
556488,stephanie88@rose.biz,Davis-Mitchell,,
992461,ryanroberts@smith-harrell.com,"Williams, Hernandez and Cline",,
400077,julianmartin@flores.info,"Harrison, Gutierrez and Maddox",,
653402,laurensimmons@smith.com,Hardy-Middleton,,
551642,harrisonrobin@zavala.com,Pratt Ltd,,
250779,scott82@bowman.com,"Ferguson, Hill and Moody",,
573107,whughes@robertson-powell.com,Young Group,,
119923,liucharles@dunn-wilson.org,Stevens-Conner,,
963326,christopheranderson@campos.biz,White Ltd,,
231448,gravesshane@hamilton.info,"Anderson, Boyd and Young",,
263629,kevinchandler@wade-chaney.com,"Kelly, Riley and Henson",,
525618,tinameyer@tate.info,"Pierce, Carpenter and Lowe",,
112434,thompsonkelsey@white.info,Johnson Inc,,
824014,pruiz@davis.com,Mathis-Trevino,,
672947,schultzalan@collins.info,Murray Ltd,,
882305,tross@smith.com,Martinez LLC,,
216036,youngjennifer@lee-reed.com,Morrison PLC,,
077897,dustinyoung@marshall-jones.info,"Martin, Dodson and Moss",,
755395,sharprichard@taylor.com,Butler-Brown,,
416255,imartinez@gonzales.org,Cox Inc,,
251732,cooperryan@martinez-davis.org,Gill-Page,,
623297,usaunders@patrick-rojas.net,Osborne-Alexander,,
163639,kempleonard@mooney.com,Boyd-Hicks,,
982051,kristy41@crawford.com,Hill Group,,
083092,loricardenas@turner-holmes.com,Baker and Sons,,
365715,cjennings@serrano.net,"Zimmerman, Nguyen and Rodriguez",,
067215,derekfranklin@parker.org,Garcia and Sons,,
680185,maria69@cochran.com,Hunter-Spencer,,
181950,pwilson@vazquez.com,Lee LLC,,
050468,dicksonjonathan@santos.com,Mclaughlin and Sons,,
231960,wolfkristina@gonzales-graves.com,Cohen Inc,,
861923,maria88@johnson.net,Torres-Ellis,,
475033,thompsonandrea@saunders-nelson.org,"Perkins, Mckee and Warner",,
782170,murrayamanda@henderson.biz,Harrell-Jenkins,,
837083,larry79@rubio.info,Nunez-Hudson,,
795280,zmoore@huffman-york.net,"Gutierrez, Scott and Martin",,
003486,uchang@hill.com,Boyd-Smith,,
402214,griffintiffany@young-duncan.org,Bennett Group,,
428681,yhudson@rios.info,Salazar-Pham,,
452481,orrmichael@mccullough-garrison.net,Hayes-Singh,,
956315,burnettamy@fisher.com,Burns-Schwartz,,
977216,ashleybrandt@patel.biz,"Brown, Gray and Robles",,
446659,obentley@gonzalez-gonzalez.com,Mahoney Group,,
966481,pwilliams@stevenson-ferguson.info,"Gates, Blair and Knox",,
275479,harrisjennifer@powell-horton.info,Cook-Hall,,
914806,ipetersen@aguilar.com,"Gallagher, Calderon and Wilson",,
442716,yray@hicks-warner.com,Gutierrez Ltd,,
119673,hicksmaria@thompson.com,Hill-Ward,,
678715,carrolldiana@mills.biz,Randolph-Smith,,
289463,jamesosborne@webb.com,Smith-Mccarthy,,
430893,gregory12@wells.info,Koch Ltd,,
427539,dennisfischer@walters.com,Morales PLC,,
958998,richardenglish@tate.com,Miller PLC,,
829192,leetimothy@mcguire.com,Cruz-Wilson,,
536372,linda28@robinson.com,Lewis Ltd,,
092727,snowsteven@pierce.com,Serrano Group,,
583891,ssmith@hall.com,Jordan-Gutierrez,,
023503,deborah96@scott.com,"Barnes, Lopez and Padilla",,
819941,edavis@hurley-cole.com,Kim Inc,,
144655,scott05@larson-taylor.com,Rose-George,,
108091,james93@dougherty.com,Lyons-Hutchinson,,
790980,bmurray@riley.com,Hale Ltd,,
900228,colemanalexis@walker.com,"Zimmerman, Gardner and Ramos",,
608072,danielgeorge@brown.info,Rosario-Lopez,,
811297,billywhite@johnson-walsh.com,Fry and Sons,,
805113,andreafuller@aguilar.com,"Mckinney, Munoz and Rogers",,
499698,oconnorcristian@gonzalez-anderson.biz,Johnson-Kidd,,
419251,crawfordstephanie@moreno.biz,Nelson-Vasquez,,
586416,kochmary@waters-gomez.com,"Crosby, Salazar and Graham",,
828086,bethanydixon@anderson-washington.com,Young LLC,,
677482,vazquezjustin@wright.info,Bryant-Brown,,
816293,loganadams@nash.com,"Carter, Grant and Harris",,
973180,williamssandra@tucker-foster.com,Humphrey Ltd,,
013819,jonesjamie@smith.info,Haynes Ltd,,
198128,padillamichael@stewart.net,Pitts PLC,,
302980,uwalker@schmidt.org,Graham and Sons,,
492953,bbryant@reyes.net,Ruiz Ltd,,
102481,upatel@wilson.com,Rangel PLC,,
290001,desiree57@mcgee.org,Carlson LLC,,
350185,courtneyrangel@hubbard-jones.com,Duncan-Rios,,
804766,bishopcolton@smith.com,"Conrad, Crawford and Bradley",,
358608,pittsrachel@bradley.com,Ortiz Inc,,
118187,aprilshort@hoover.com,George-Webster,,
116306,stephanieconner@rodriguez-nunez.com,Powers and Sons,,
872449,haley88@saunders.com,"Vasquez, Joseph and Cox",,
965594,iadams@fitzgerald-jenkins.com,"Fletcher, Brown and Walter",,
513503,lpacheco@wilson-terry.com,"Mullins, Alvarado and Gonzalez",,
641000,caldwelljohn@diaz-garcia.info,"Morgan, Rivera and Frazier",,
407839,jreyes@le.com,Trevino PLC,,
649363,jody71@pearson.com,"Perez, Christian and Solomon",,
565909,nharrison@rowe.net,"Harris, Ramirez and Henry",,
710750,gina37@saunders.com,Douglas and Sons,,
174449,richardsmadeline@sanchez.biz,"Hall, Wilson and Hensley",,
640150,michele85@johns-thomas.net,Miller PLC,,
494498,kelsey66@miller.org,Olson Inc,,
074798,nmoss@dixon.com,Powers Inc,,
919000,mparker@hudson.com,"Ramirez, Barrera and Garcia",,
596379,ewingsharon@garcia-mann.com,Griffin LLC,,
362730,clarkdaniel@hebert.com,Williams PLC,,
864192,monicamiller@anderson-madden.net,Pearson-Hernandez,,
555522,rachel06@cardenas.com,Austin-Wilkins,,
698805,mschaefer@brown.info,Garcia-Cook,,
770614,timothychen@jackson.com,"Mullen, Wu and Holt",,
854783,irobles@williams.org,Savage Inc,,
354975,marcus66@hughes.org,Parker PLC,,
636891,phillipsthomas@henderson.com,Figueroa-Mcgee,,
576006,lori57@clark-jackson.com,"Martinez, Ross and Dunn",,
996175,howardmichael@gray.com,"Lawson, Mathews and Bond",,
928793,james88@campbell-contreras.info,Weber-Taylor,,
569738,ashley51@ho.com,"Rich, Morales and Snyder",,
888115,drichardson@bailey.com,"Kidd, Smith and Graham",,
326658,aroberts@ortiz-george.com,Watts Inc,,
467832,fpitts@jimenez-woods.biz,Espinoza-Coleman,,
612067,owensalexander@wright.org,"Campos, Porter and Perez",,
542343,crodriguez@johnson.org,Cole Ltd,,
517814,ortizjulian@roman-smith.info,Durham Group,,
273238,carlweber@prince.org,"Garcia, Yates and Haynes",,
219522,joshuabenson@golden.com,"Powell, Stanley and Benton",,
655904,crawfordheather@skinner-harmon.com,"Andrews, Sweeney and Palmer",,
579979,whiteedwin@valenzuela.com,Wilson-Payne,,
558526,colleen37@casey.com,"Ware, Miller and Moore",,
919055,cruzsara@brooks.com,"Mccoy, Valdez and Hanson",,
355403,swhite@reilly.info,"Boyle, Alexander and Howell",,
236542,stephanie18@sanchez-taylor.com,"Elliott, Carson and Diaz",,
381215,calvin06@rivera.com,Freeman-Hall,,
036382,gthompson@daniels.com,"Johnson, Clements and Spence",,
391475,harristonya@kaufman-glenn.com,Morrison-Rocha,,
373655,ohopkins@clark.info,Archer LLC,,
273799,david79@mccoy.com,Wilson Ltd,,
211301,arichards@jones.org,Scott PLC,,
905884,susanjackson@woodward.net,"Wise, Frank and Smith",,
130273,davidmiller@gray.biz,"Gomez, Forbes and Garcia",,
749334,petersenlinda@smith.com,"Frost, Hart and Roberts",,
698128,flam@calhoun.com,Cook-Thomas,,
060267,rjackson@jenkins.com,Landry-Reese,,
606754,ohardy@taylor.com,Wright Group,,
038523,jbennett@boyd-terry.com,Baird-Moore,,
859579,tara54@rodriguez.com,Adams-Schwartz,,
410689,natalie73@smith.com,"Johnson, Obrien and Kim",,
426232,nicolewilson@dean-smith.info,Hess Inc,,
427367,kaylaevans@mason.net,Butler Inc,,
134397,rruiz@long-adams.org,"Martin, Hamilton and Booth",,
665380,curtisfernandez@odonnell-roy.com,Bradley and Sons,,
943559,kaitlynsantos@reed-torres.com,Andrews Ltd,,
397238,david46@reynolds-nguyen.com,Haynes-Kemp,,
328679,blacklori@mcclure-wang.com,Ashley Inc,,
366694,contrerascrystal@norris.info,Long-Coleman,,
582813,edwardstiffany@snyder.com,Chang-Shepherd,,
398094,campbellbriana@berry.com,West Inc,,
782542,zacharyryan@white.com,Garcia-White,,
215289,davisgina@martin.org,Allen Inc,,
192440,andreahampton@case-sullivan.com,Williamson LLC,,
016931,conradmatthew@diaz.net,Rasmussen-Lester,,
328566,james53@robinson.org,"Snyder, House and Johnson",,
252843,jasminerose@jackson.net,Carter PLC,,
218196,nshelton@rivera.com,"Russell, Lewis and Smith",,
657532,robert36@ellis.com,Evans-Huff,,
074701,harrisonwilliam@hall-bishop.biz,"Shaw, Michael and Mcintosh",,
849600,christopher89@williams.com,Reilly-Williams,,
605357,barreracalvin@evans.com,"Garrett, Jones and Andrade",,
544222,dmclaughlin@mays.com,Mendez Group,,
339803,ellisonjessica@walker.com,Thomas Group,,
774746,nancyburns@ross.com,Walker and Sons,,
409842,iwood@griffith.com,Smith LLC,,
569313,hollowayfelicia@ramos-mcdonald.info,Newman Group,,
888213,william17@hale.net,Robertson-Keller,,
188486,mhenry@villanueva-russell.net,Weber-Williams,,
028678,espinozaalexandra@lozano-cox.com,"Fitzgerald, Duncan and Chung",,
692715,vgomez@miller.com,Harvey-Hines,,
275802,mmurphy@brennan.org,"Edwards, Peck and Larson",,
497079,gholland@simpson-cole.biz,Hernandez-Woods,,
582175,christopherwallace@smith.com,"Estrada, Palmer and Griffin",,
581492,laurenfuller@ford-hunt.com,Aguilar Group,,
950438,jason59@butler.com,"Booker, Stout and Moore",,
418307,robertawilliams@brown-obrien.biz,Parker-Lester,,
680639,matthew33@parks.com,Parks LLC,,
529226,stevensdonald@huber-alvarez.com,Ortega-Ward,,
142741,hperez@davis.com,Wilson-Bruce,,
780257,michael52@bates.net,"Mendez, Pham and Owens",,
300154,taylorjonathan@campbell-gutierrez.net,Harvey PLC,,
433191,johnssusan@hutchinson.com,Young and Sons,,
883736,allison62@james.com,Spencer and Sons,,
044297,scott30@pope.com,Ellis Group,,
985794,davidblackwell@edwards-thompson.com,"Clements, Ryan and Morris",,
178021,brianshort@holloway.com,"Combs, Morgan and Mcintosh",,
390019,martinezashley@johnson-thomas.com,Kline-Hanson,,
216618,hjohnson@flores.biz,"Espinoza, Ryan and Merritt",,
466165,sullivanaaron@moss-chandler.com,"Byrd, Carrillo and Jacobs",,
810995,victor19@garcia-fox.info,Spencer Group,,
437281,davisheidi@vasquez-palmer.com,"Davis, Brennan and Curtis",,
161573,charlesgreen@nunez.com,Savage and Sons,,
879007,millermaria@holland.biz,Miller LLC,,
819157,audreyortiz@pace-rivas.com,Cook-Marsh,,
123619,hsimon@soto-meadows.com,Clark-Hahn,,
570400,geraldlopez@vargas.com,Perez Group,,
122126,hurststephen@mcgee.com,Rogers-Martinez,,
152359,christine30@rojas.com,Baker and Sons,,
332839,martindevin@perez-bishop.org,"Wade, Bruce and Cox",,
051047,jackgraham@roy.com,"Rodgers, Keller and Davis",,
572221,michellewatkins@hampton-hooper.com,"Moore, Williams and Johnson",,
972343,marialam@williams-perez.com,Doyle-Jones,,
421221,riosbrandon@bailey.com,Gonzalez and Sons,,
588695,zimmermankeith@hawkins.biz,Harrison and Sons,,
373844,christine21@cunningham-george.info,Jackson Inc,,
864061,martinjoshua@woodard-lang.com,Glover Ltd,,
462535,mallorybarrett@cook-durham.com,Thompson-Waters,,
732102,awilliams@small-hernandez.com,"Wilson, Martin and West",,
122875,brooke97@olson.com,Thomas PLC,,
369348,qfisher@martin-bullock.biz,"Morton, Garza and Thompson",,
603676,sydneystein@jones.com,"Reeves, Parks and Oconnor",,
829300,powersbarbara@brown.com,Parker Group,,
679835,estradadawn@williams.info,"Lee, Bennett and Whitehead",,
070478,phorton@walton-johnson.com,Wood-Abbott,,
770437,woodrobert@garcia-patterson.net,Sanchez Ltd,,
544095,hortonross@lee-harrison.com,"Smith, Henry and Hudson",,
077362,kristi25@myers.info,Norris Inc,,
444750,justin02@mclean-campos.com,Wyatt Ltd,,
977549,eyu@parker-acevedo.info,Johnson PLC,,
877875,jamie13@riley.biz,Lopez-Parsons,,
089671,tiffanyyang@weiss.com,Johnson Group,,
405072,susan56@hernandez.com,Reyes-Rogers,,
965120,smiller@kelly.biz,Lopez LLC,,
822226,simpsonjason@simpson.info,Ferguson Group,,
110002,huntamy@bennett.org,Ramirez Ltd,,
128214,leachjessica@young.net,"Neal, Morris and Clark",,
267156,gomezsandra@coleman.com,Mitchell LLC,,
264297,buchananchristopher@gonzalez.com,"Green, Harris and Mendez",,
259787,valerie48@montgomery.net,Hanson-Brooks,,
631385,qgonzalez@blankenship-foster.info,"Gonzalez, Buck and Wells",,
276674,elizabethfrazier@gutierrez.net,Fox Group,,
077305,brianvalencia@elliott-mendez.info,"Walters, Moore and Harris",,
088050,mmarquez@santos-ortega.net,"Murray, Carey and Smith",,
266998,jose62@lee.com,Macdonald-White,,
336766,carolyn04@barnes.info,"Burgess, Lynch and Collins",,
825097,edward84@johnson.info,"Hancock, Wu and Johnson",,
301177,fmiller@marshall-parker.info,"Patterson, Liu and Sandoval",,
711838,garrisonjon@watkins.com,Alvarez PLC,,
349213,richardsonanna@ayala.com,Flores Group,,
946819,xwilliamson@bates.com,Henderson LLC,,
600104,amanda85@buckley.com,"Gillespie, Hanson and Powers",,
709356,ohall@brown.net,"Gonzalez, Johns and Larson",,
686438,wilsonbrett@richardson.com,"Campbell, Edwards and Alexander",,
986389,katelyn44@west.info,"Sanchez, Dean and Cox",,
419451,rhonda34@waters.com,Hernandez-Smith,,
047859,jlopez@smith-wilson.com,Warren-Smith,,
415389,amanda70@barnes-herring.com,Brewer-Parker,,
947193,burnetttammy@durham.biz,Douglas PLC,,
438185,hopkinsshawn@peterson.biz,Kramer-Fleming,,
128772,elizabeth34@lynch-compton.com,"Schneider, Cole and Lewis",,
956664,meredithkent@salazar.biz,"Black, Wilson and Delgado",,
493367,hendrixzachary@obrien-mcmillan.info,Poole-Sanchez,,
027139,cindy52@perez.com,"Cook, Cook and Hunter",,
738420,kristy64@evans.biz,Underwood-Ramos,,
833163,walkerlauren@lopez.com,"Sims, Barron and Barrera",,
285374,toddandersen@lopez-orozco.net,"Jackson, Robertson and Phillips",,
704198,moraangela@matthews.net,"Gates, Williams and Robertson",,
337065,paulryan@brown-cervantes.com,Lopez-Wilson,,
906112,tjohnson@garcia.com,"Livingston, Jones and Green",,
800867,fdelgado@reid-russell.com,"Le, Smith and Mejia",,
634470,jdavila@schneider.biz,Nichols and Sons,,
152529,zoliver@foster.com,Garrett PLC,,
848189,jenniferbaker@mitchell.com,"King, Velasquez and David",,
901895,qsmith@anderson.com,"Johnson, Little and Cook",,
999725,cgreen@mccarty-hall.net,Snyder Inc,,
998544,holly93@smith.com,Turner-Hall,,
222690,derekwilliams@walker-hayes.com,"Fry, Martinez and Mckinney",,
032586,megan56@schneider-mcclain.com,Moon Ltd,,
368662,williammiller@stafford-rowe.net,"Morales, Walls and Scott",,
919864,jesse71@caldwell-shannon.com,"Rivera, Miller and Briggs",,
724845,ihubbard@james.com,Cook-Clark,,
438641,salinaschristina@morris.com,Johnson-Lewis,,
491086,ochase@allen.com,Carrillo and Sons,,
894803,smithlisa@blankenship-rojas.com,"Patton, Barry and Jackson",,
404536,thomaskrista@hutchinson.com,Glover-Russell,,
388474,millerheather@reyes.net,Garcia LLC,,
062918,annamontgomery@ritter.com,Scott-Berry,,
340565,debbie48@vaughan.org,Cunningham-Shaw,,
000520,melissa09@moore.com,"Hutchinson, Norris and Garza",,
049783,hwilson@rogers.com,Leonard-Myers,,
069904,zlee@mccoy-jones.org,"King, Watkins and Bowers",,